data:[10, 20, 30, 45, 50, 55, 60, 65, 70, 75, 85, 90, 95]
"ClassRange","MF","AM","DIFF","PDIFF"
1,58.192307692308,57.692307692308,0.5,0.86666666666667
0.999,58.134115384615,57.692307692308,0.44180769230769,0.7658
0.998,58.075923076923,57.692307692308,0.38361538461537,0.66493333333332
0.997,58.017730769231,57.692307692308,0.32542307692309,0.56406666666668
0.996,57.959538461538,57.692307692308,0.26723076923076,0.46319999999999
0.995,57.901346153846,57.692307692308,0.20903846153843,0.36233333333329
0.994,57.843153846154,57.692307692308,0.15084615384615,0.26146666666667
0.993,57.784961538462,57.692307692308,0.092653846153823,0.16059999999996
0.992,57.726769230769,57.692307692308,0.034461538461535,0.059733333333328
0.991,57.668576923077,57.692307692308,-0.023730769230781,-0.041133333333354
0.99,57.610384615385,57.692307692308,-0.08192307692309,-0.14200000000002
0.989,57.704346153846,57.692307692308,0.012038461538452,0.020866666666651
0.988,57.722,57.692307692308,0.029692307692287,0.05146666666663
0.987,57.663576923077,57.692307692308,-0.028730769230791,-0.049800000000037
0.986,57.681,57.692307692308,-0.011307692307703,-0.019600000000019
0.985,57.698269230769,57.692307692308,0.0059615384615128,0.010333333333289
0.984,57.715384615385,57.692307692308,0.023076923076943,0.040000000000034
0.983,57.732346153846,57.692307692308,0.04003846153843,0.069399999999945
0.982,57.749153846154,57.692307692308,0.056846153846124,0.098533333333281
0.981,57.690346153846,57.692307692308,-0.0019615384615221,-0.0033999999999717
0.98,57.706923076923,57.692307692308,0.014615384615361,0.025333333333292
0.979,57.723346153846,57.692307692308,0.031038461538415,0.05379999999992
0.978,57.814846153846,57.692307692308,0.12253846153847,0.21240000000001
0.977,57.830884615385,57.692307692308,0.13857692307688,0.24019999999993
0.976,57.771692307692,57.692307692308,0.079384615384576,0.13759999999993
0.975,57.7125,57.692307692308,0.020192307692312,0.035000000000008
0.974,57.728230769231,57.692307692308,0.035923076923041,0.062266666666604
0.973,57.668961538461,57.692307692308,-0.023346153846198,-0.040466666666743
0.972,57.684461538462,57.692307692308,-0.0078461538461525,-0.013599999999998
0.971,57.625115384615,57.692307692308,-0.067192307692352,-0.11646666666674
0.97,57.640384615385,57.692307692308,-0.051923076923117,-0.09000000000007
0.969,57.6555,57.692307692308,-0.036807692307697,-0.063800000000008
0.968,57.596,57.692307692308,-0.096307692307604,-0.16693333333318
0.967,57.759653846154,57.692307692308,0.06734615384611,0.11673333333326
0.966,57.699923076923,57.692307692308,0.0076153846153773,0.013199999999987
0.965,57.714423076923,57.692307692308,0.022115384615482,0.038333333333502
0.964,57.728769230769,57.692307692308,0.036461538461481,0.0631999999999
0.963,57.668884615385,57.692307692308,-0.023423076923095,-0.040600000000031
0.962,57.609,57.692307692308,-0.083307692307592,-0.14439999999983
0.961,57.696961538461,57.692307692308,0.0046538461537864,0.0080666666665631
0.96,57.636923076923,57.692307692308,-0.055384615384639,-0.096000000000042
0.959,57.650653846154,57.692307692308,-0.041653846153757,-0.072199999999845
0.958,57.664230769231,57.692307692308,-0.028076923076995,-0.048666666666791
0.957,57.751269230769,57.692307692308,0.058961538461524,0.10219999999998
0.956,57.690923076923,57.692307692308,-0.0013846153845307,-0.0023999999998532
0.955,57.7775,57.692307692308,0.085192307692225,0.14766666666652
0.954,57.717,57.692307692308,0.024692307692284,0.042799999999959
0.953,57.6565,57.692307692308,-0.035807692307614,-0.062066666666531
0.952,57.742461538461,57.692307692308,0.050153846153755,0.086933333333175
0.951,57.681807692308,57.692307692308,-0.010500000000036,-0.018200000000062
0.95,57.621153846154,57.692307692308,-0.071153846153784,-0.12333333333323
0.949,57.7065,57.692307692308,0.014192307692277,0.024599999999946
0.948,57.718615384615,57.692307692308,0.026307692307654,0.045599999999934
0.947,57.730576923077,57.692307692308,0.038269230769295,0.066333333333444
0.946,57.669615384615,57.692307692308,-0.022692307692353,-0.039333333333411
0.945,57.681346153846,57.692307692308,-0.010961538461586,-0.019000000000083
0.944,57.692923076923,57.692307692308,0.00061538461545041,0.0010666666667807
0.943,57.704346153846,57.692307692308,0.01203846153841,0.020866666666577
0.942,57.715615384615,57.692307692308,0.023307692307633,0.040399999999896
0.941,57.654346153846,57.692307692308,-0.037961538461481,-0.0657999999999
0.94,57.665384615385,57.692307692308,-0.026923076923133,-0.046666666666763
0.939,57.604038461538,57.692307692308,-0.088269230769285,-0.15300000000009
0.938,57.542692307692,57.692307692308,-0.14961538461533,-0.25933333333324
0.937,57.841730769231,57.692307692308,0.14942307692301,0.25899999999989
0.936,57.78,57.692307692308,0.087692307692357,0.15200000000009
0.935,57.718269230769,57.692307692308,0.025961538461587,0.045000000000084
0.934,57.728384615385,57.692307692308,0.036076923076855,0.062533333333216
0.933,57.738346153846,57.692307692308,0.046038461538515,0.079800000000093
0.932,57.748153846154,57.692307692308,0.055846153846197,0.096800000000075
0.931,57.757807692308,57.692307692308,0.065499999999929,0.11353333333321
0.93,57.695769230769,57.692307692308,0.003461538461579,0.0060000000000703
0.929,57.633730769231,57.692307692308,-0.058576923076885,-0.10153333333327
0.928,57.643076923077,57.692307692308,-0.049230769230832,-0.085333333333441
0.927,57.652269230769,57.692307692308,-0.040038461538416,-0.06939999999992
0.926,57.590076923077,57.692307692308,-0.10223076923074,-0.17719999999996
0.925,57.670192307692,57.692307692308,-0.022115384615468,-0.038333333333478
0.924,57.607846153846,57.692307692308,-0.084461538461511,-0.14639999999995
0.923,57.6875,57.692307692308,-0.004807692307665,-0.008333333333286
0.922,57.695923076923,57.692307692308,0.0036153846153013,0.0062666666665223
0.921,57.704192307692,57.692307692308,0.011884615384638,0.020600000000039
0.92,57.641538461539,57.692307692308,-0.050769230769163,-0.087999999999882
0.919,57.578884615385,57.692307692308,-0.11342307692317,-0.19660000000016
0.918,57.657461538462,57.692307692308,-0.034846153846146,-0.060399999999987
0.917,57.594653846154,57.692307692308,-0.097653846153776,-0.16926666666654
0.916,57.602307692308,57.692307692308,-0.090000000000089,-0.15600000000015
0.915,57.609807692308,57.692307692308,-0.082499999999982,-0.14299999999997
0.914,57.617153846154,57.692307692308,-0.075153846153782,-0.13026666666656
0.913,57.694576923077,57.692307692308,0.0022692307691443,0.0039333333331835
0.912,57.631384615385,57.692307692308,-0.060923076923061,-0.10559999999997
0.911,57.568192307692,57.692307692308,-0.12411538461533,-0.21513333333324
0.91,57.505,57.692307692308,-0.1873076923078,-0.32466666666685
0.909,57.931269230769,57.692307692308,0.23896153846155,0.41420000000002
0.908,57.867538461539,57.692307692308,0.17523076923082,0.30373333333343
0.907,57.803807692308,57.692307692308,0.11149999999989,0.19326666666648
0.906,57.740076923077,57.692307692308,0.047769230769234,0.082800000000005
0.905,57.676346153846,57.692307692308,-0.015961538461482,-0.02766666666657
0.904,57.751692307692,57.692307692308,0.059384615384495,0.10293333333312
0.903,57.757269230769,57.692307692308,0.064961538461532,0.11259999999999
0.902,57.762692307692,57.692307692308,0.070384615384647,0.12200000000005
0.901,57.767961538462,57.692307692308,0.075653846153884,0.1311333333334
0.9,57.773076923077,57.692307692308,0.080769230769221,0.13999999999998
0.899,57.778038461538,57.692307692308,0.085730769230786,0.14860000000003
0.898,57.713769230769,57.692307692308,0.021461538461573,0.037200000000059
0.897,57.7185,57.692307692308,0.026192307692291,0.045399999999971
0.896,57.723076923077,57.692307692308,0.030769230769266,0.053333333333395
0.895,57.7275,57.692307692308,0.035192307692341,0.061000000000058
0.894,57.731769230769,57.692307692308,0.039461538461524,0.068399999999974
0.893,57.667192307692,57.692307692308,-0.025115384615361,-0.043533333333293
0.892,57.739846153846,57.692307692308,0.04753846153848,0.082400000000032
0.891,57.743653846154,57.692307692308,0.051346153846119,0.088999999999939
0.89,57.747307692308,57.692307692308,0.055000000000028,0.095333333333382
0.889,57.682423076923,57.692307692308,-0.0098846153845997,-0.017133333333306
0.888,57.617538461538,57.692307692308,-0.074769230769256,-0.12960000000004
0.887,57.689115384615,57.692307692308,-0.003192307692288,-0.0055333333332991
0.886,57.692230769231,57.692307692308,-7.6923076910873E-5,-0.00013333333331218
0.885,57.695192307692,57.692307692308,0.0028846153846303,0.0050000000000258
0.884,57.63,57.692307692308,-0.062307692307691,-0.108
0.883,57.564807692308,57.692307692308,-0.12749999999998,-0.22099999999997
0.882,57.838846153846,57.692307692308,0.14653846153848,0.25400000000003
0.881,57.773269230769,57.692307692308,0.080961538461537,0.14033333333333
0.88,57.707692307692,57.692307692308,0.015384615384619,0.026666666666673
0.879,57.709730769231,57.692307692308,0.01742307692308,0.030200000000006
0.878,57.711615384615,57.692307692308,0.019307692307692,0.033466666666665
0.877,57.713346153846,57.692307692308,0.02103846153846,0.036466666666664
0.876,57.714923076923,57.692307692308,0.022615384615371,0.039199999999976
0.875,57.716346153846,57.692307692308,0.024038461538453,0.041666666666652
0.874,57.650384615385,57.692307692308,-0.041923076923084,-0.072666666666678
0.873,57.718730769231,57.692307692308,0.026423076923074,0.045799999999994
0.872,57.719692307692,57.692307692308,0.027384615384605,0.047466666666649
0.871,57.7205,57.692307692308,0.028192307692308,0.048866666666667
0.87,57.654230769231,57.692307692308,-0.038076923076936,-0.066000000000022
0.869,57.721653846154,57.692307692308,0.029346153846149,0.050866666666658
0.868,57.655230769231,57.692307692308,-0.037076923076938,-0.064266666666693
0.867,57.6555,57.692307692308,-0.036807692307725,-0.063800000000057
0.866,57.655615384615,57.692307692308,-0.036692307692327,-0.063600000000034
0.865,57.722115384615,57.692307692308,0.029807692307671,0.051666666666629
0.864,57.721846153846,57.692307692308,0.029538461538444,0.051199999999969
0.863,57.721423076923,57.692307692308,0.029115384615366,0.050466666666635
0.862,57.787153846154,57.692307692308,0.09484615384612,0.16439999999994
0.861,57.720115384615,57.692307692308,0.027807692307675,0.048199999999971
0.86,57.653076923077,57.692307692308,-0.039230769230805,-0.068000000000062
0.859,57.652115384615,57.692307692308,-0.040192307692337,-0.069666666666717
0.858,57.651,57.692307692308,-0.041307692307726,-0.071600000000058
0.857,57.781576923077,57.692307692308,0.08926923076919,0.15473333333326
0.856,57.714153846154,57.692307692308,0.02184615384617,0.037866666666694
0.855,57.778269230769,57.692307692308,0.085961538461504,0.14899999999994
0.854,57.710692307692,57.692307692308,0.018384615384576,0.031866666666599
0.853,57.708730769231,57.692307692308,0.01642307692309,0.028466666666689
0.852,57.706615384615,57.692307692308,0.014307692307653,0.024799999999933
0.851,57.638884615385,57.692307692308,-0.053423076923124,-0.092600000000082
0.85,57.636538461538,57.692307692308,-0.055769230769222,-0.096666666666652
0.849,57.699346153846,57.692307692308,0.0070384615384071,0.012199999999906
0.848,57.696615384615,57.692307692308,0.0043076923076342,0.0074666666665659
0.847,57.693730769231,57.692307692308,0.0014230769230679,0.002466666666651
0.846,57.690692307692,57.692307692308,-0.001615384615441,-0.0028000000000977
0.845,57.6875,57.692307692308,-0.0048076923077431,-0.0083333333334214
0.844,57.684153846154,57.692307692308,-0.0081538461538671,-0.01413333333337
0.843,57.680653846154,57.692307692308,-0.011653846153912,-0.020200000000114
0.842,57.677,57.692307692308,-0.015307692307751,-0.026533333333434
0.841,57.737884615385,57.692307692308,0.045576923076894,0.078999999999949
0.84,57.733846153846,57.692307692308,0.041538461538572,0.072000000000191
0.839,57.665115384615,57.692307692308,-0.027192307692374,-0.047133333333448
0.838,57.596384615385,57.692307692308,-0.0959230769231,-0.16626666666671
0.837,57.527653846154,57.692307692308,-0.16465384615375,-0.28539999999983
0.836,57.458923076923,57.692307692308,-0.23338461538469,-0.40453333333346
0.835,57.390192307692,57.692307692308,-0.30211538461542,-0.52366666666673
0.834,57.321461538462,57.692307692308,-0.37084615384606,-0.64279999999984
0.833,58.085730769231,57.692307692308,0.393423076923,0.6819333333332
0.832,58.016,57.692307692308,0.32369230769227,0.5610666666666
0.831,57.946269230769,57.692307692308,0.25396153846164,0.44020000000017
0.83,57.876538461538,57.692307692308,0.18423076923068,0.31933333333318
0.829,57.806807692308,57.692307692308,0.11449999999996,0.1984666666666
0.828,57.737076923077,57.692307692308,0.044769230769326,0.077600000000165
0.827,57.667346153846,57.692307692308,-0.024961538461632,-0.043266666666829
0.826,57.661153846154,57.692307692308,-0.031153846153877,-0.054000000000054
0.825,57.718269230769,57.692307692308,0.025961538461615,0.045000000000133
0.824,57.711692307692,57.692307692308,0.019384615384517,0.03359999999983
0.823,57.704961538461,57.692307692308,0.012653846153796,0.021933333333247
0.822,57.698076923077,57.692307692308,0.0057692307693031,0.010000000000125
0.821,57.691038461538,57.692307692308,-0.0012692307692816,-0.0022000000000882
0.82,57.683846153846,57.692307692308,-0.0084615384615816,-0.014666666666741
0.819,57.6765,57.692307692308,-0.015807692307625,-0.027399999999884
0.818,57.794846153846,57.692307692308,0.10253846153839,0.17773333333322
0.817,57.787038461538,57.692307692308,0.094730769230708,0.16419999999989
0.816,57.716307692308,57.692307692308,0.024000000000058,0.0416000000001
0.815,57.708269230769,57.692307692308,0.015961538461482,0.02766666666657
0.814,57.637461538461,57.692307692308,-0.054846153846221,-0.095066666666782
0.813,57.629192307692,57.692307692308,-0.06311538461533,-0.1093999999999
0.812,57.620769230769,57.692307692308,-0.07153846153853,-0.12400000000012
0.811,57.612192307692,57.692307692308,-0.080115384615461,-0.1388666666668
0.81,57.728076923077,57.692307692308,0.035769230769283,0.06200000000009
0.809,57.719038461538,57.692307692308,0.026730769230689,0.046333333333194
0.808,57.709846153846,57.692307692308,0.017538461538386,0.030399999999869
0.807,57.638423076923,57.692307692308,-0.053884615384568,-0.093399999999918
0.806,57.691,57.692307692308,-0.0013076923077762,-0.002266666666812
0.805,57.681346153846,57.692307692308,-0.010961538461487,-0.018999999999911
0.804,57.671538461538,57.692307692308,-0.020769230769197,-0.035999999999942
0.803,57.723346153846,57.692307692308,0.031038461538365,0.053799999999833
0.802,57.713153846154,57.692307692308,0.0208461538462,0.036133333333414
0.801,57.702807692308,57.692307692308,0.010500000000036,0.018200000000062
0.8,57.692307692308,57.692307692308,-8.5265128291212E-14,-1.477928890381E-13
0.799,57.681653846154,57.692307692308,-0.010653846153808,-0.0184666666666
0.798,57.670846153846,57.692307692308,-0.021461538461502,-0.037199999999936
0.797,57.721192307692,57.692307692308,0.028884615384527,0.050066666666514
0.796,57.71,57.692307692308,0.017692307692336,0.030666666666716
0.795,57.698653846154,57.692307692308,0.0063461538461667,0.011000000000022
0.794,57.687153846154,57.692307692308,-0.005153846153938,-0.0089333333334925
0.793,57.6755,57.692307692308,-0.016807692307673,-0.029133333333299
0.792,57.663692307692,57.692307692308,-0.028615384615307,-0.049599999999865
0.791,57.651730769231,57.692307692308,-0.040576923077026,-0.070333333333512
0.79,57.578846153846,57.692307692308,-0.11346153846154,-0.19666666666666
0.789,57.809423076923,57.692307692308,0.11711538461547,0.20300000000014
0.788,57.736153846154,57.692307692308,0.043846153846033,0.075999999999791
0.787,57.723423076923,57.692307692308,0.031115384615383,0.05393333333333
0.786,57.710538461539,57.692307692308,0.018230769230826,0.031600000000098
0.785,57.757884615384,57.692307692308,0.065576923076797,0.11366666666645
0.784,57.684307692308,57.692307692308,-0.0079999999999885,-0.013866666666647
0.783,57.670961538462,57.692307692308,-0.021346153846096,-0.0369999999999
0.782,57.657461538461,57.692307692308,-0.034846153846296,-0.060400000000246
0.781,57.703884615385,57.692307692308,0.011576923076937,0.020066666666691
0.78,57.63,57.692307692308,-0.062307692307648,-0.10799999999992
0.779,57.675961538461,57.692307692308,-0.016346153846314,-0.028333333333611
0.778,57.661769230769,57.692307692308,-0.030538461538448,-0.05293333333331
0.777,57.647423076923,57.692307692308,-0.044884615384561,-0.077799999999905
0.776,57.573230769231,57.692307692308,-0.11907692307707,-0.20640000000025
0.775,57.618269230769,57.692307692308,-0.074038461538471,-0.12833333333335
0.774,57.603461538462,57.692307692308,-0.088846153846127,-0.15399999999995
0.773,57.647961538462,57.692307692308,-0.044346153846114,-0.076866666666597
0.772,57.692153846154,57.692307692308,-0.00015384615386438,-0.00026666666669826
0.771,57.617423076923,57.692307692308,-0.074884615384597,-0.12979999999997
0.77,57.542692307692,57.692307692308,-0.14961538461534,-0.25933333333326
0.769,57.882038461538,57.692307692308,0.18973076923074,0.32886666666662
0.768,57.806769230769,57.692307692308,0.11446153846158,0.19840000000008
0.767,57.7315,57.692307692308,0.039192307692332,0.067933333333375
0.766,57.715153846154,57.692307692308,0.022846153846118,0.039599999999937
0.765,57.7575,57.692307692308,0.065192307692328,0.11300000000004
0.764,57.740769230769,57.692307692308,0.048461538461567,0.084000000000049
0.763,57.723884615385,57.692307692308,0.031576923076884,0.054733333333265
0.762,57.765461538462,57.692307692308,0.073153846153865,0.12680000000003
0.761,57.689653846154,57.692307692308,-0.0026538461538266,-0.0045999999999661
0.76,57.672307692308,57.692307692308,-0.020000000000024,-0.034666666666709
0.759,57.713192307692,57.692307692308,0.020884615384631,0.036200000000027
0.758,57.695461538462,57.692307692308,0.0031538461538574,0.0054666666666861
0.757,57.735807692308,57.692307692308,0.043500000000002,0.075400000000003
0.756,57.717692307692,57.692307692308,0.025384615384624,0.044000000000015
0.755,57.699423076923,57.692307692308,0.0071153846153607,0.012333333333292
0.754,57.623,57.692307692308,-0.069307692307696,-0.12013333333334
0.753,57.662423076923,57.692307692308,-0.029884615384617,-0.051800000000003
0.752,57.701538461538,57.692307692308,0.0092307692307614,0.015999999999986
0.751,57.624807692308,57.692307692308,-0.067500000000024,-0.11700000000004
0.75,57.836538461538,57.692307692308,0.14423076923076,0.24999999999998
0.749,57.759423076923,57.692307692308,0.067115384615377,0.11633333333332
0.748,57.739846153846,57.692307692308,0.047538461538458,0.082399999999995
0.747,57.720115384615,57.692307692308,0.027807692307682,0.048199999999983
0.746,57.700230769231,57.692307692308,0.0079230769230705,0.013733333333322
0.745,57.680192307692,57.692307692308,-0.012115384615413,-0.021000000000049
0.744,57.66,57.692307692308,-0.032307692307711,-0.056000000000032
0.743,57.696807692308,57.692307692308,0.004499999999986,0.0077999999999757
0.742,57.733307692308,57.692307692308,0.040999999999983,0.071066666666637
0.741,57.6555,57.692307692308,-0.036807692307718,-0.063800000000045
0.74,57.691538461538,57.692307692308,-0.00076923076925794,-0.0013333333333804
0.739,57.670423076923,57.692307692308,-0.02188461538465,-0.037933333333393
0.738,57.649153846154,57.692307692308,-0.043153846153878,-0.074800000000055
0.737,57.684423076923,57.692307692308,-0.007884615384647,-0.013666666666722
0.736,57.719384615385,57.692307692308,0.027076923076912,0.046933333333314
0.735,57.754038461538,57.692307692308,0.061730769230735,0.10699999999994
0.734,57.675461538461,57.692307692308,-0.016846153846203,-0.029200000000084
0.733,57.653269230769,57.692307692308,-0.039038461538496,-0.067666666666726
0.732,57.630923076923,57.692307692308,-0.061384615384654,-0.10640000000007
0.731,57.720884615385,57.692307692308,0.028576923076869,0.04953333333324
0.73,57.754230769231,57.692307692308,0.06192307692303,0.10733333333325
0.729,57.731192307692,57.692307692308,0.038884615384568,0.067399999999917
0.728,57.708,57.692307692308,0.015692307692319,0.02720000000002
0.727,57.628730769231,57.692307692308,-0.06357692307698,-0.1102000000001
0.726,57.605307692308,57.692307692308,-0.08700000000006,-0.1508000000001
0.725,57.693269230769,57.692307692308,0.00096153846153868,0.001666666666667
0.724,57.669384615385,57.692307692308,-0.022923076923142,-0.039733333333446
0.723,57.645346153846,57.692307692308,-0.046961538461609,-0.081400000000122
0.722,57.676692307692,57.692307692308,-0.015615384615387,-0.027066666666671
0.721,57.707730769231,57.692307692308,0.015423076923014,0.026733333333224
0.72,57.738461538461,57.692307692308,0.046153846153771,0.07999999999987
0.719,57.713576923077,57.692307692308,0.021269230769214,0.036866666666637
0.718,57.633307692308,57.692307692308,-0.059000000000076,-0.1022666666668
0.717,57.553038461538,57.692307692308,-0.13926923076931,-0.24140000000013
0.716,57.472769230769,57.692307692308,-0.21953846153848,-0.38053333333337
0.715,57.3925,57.692307692308,-0.29980769230777,-0.51966666666681
0.714,58.026230769231,57.692307692308,0.333923076923,0.57879999999987
0.713,57.944961538462,57.692307692308,0.25265384615382,0.43793333333329
0.712,57.863692307692,57.692307692308,0.17138461538473,0.29706666666687
0.711,57.782423076923,57.692307692308,0.090115384615302,0.15619999999986
0.71,57.701153846154,57.692307692308,0.0088461538461075,0.015333333333253
0.709,57.619884615385,57.692307692308,-0.072423076922959,-0.12553333333313
0.708,57.702,57.692307692308,0.0096923076922195,0.016799999999847
0.707,57.729269230769,57.692307692308,0.036961538461497,0.064066666666596
0.706,57.701923076923,57.692307692308,0.0096153846154863,0.016666666666843
0.705,57.728653846154,57.692307692308,0.036346153846054,0.062999999999827
0.704,57.700923076923,57.692307692308,0.0086153846153394,0.014933333333255
0.703,57.781192307692,57.692307692308,0.088884615384728,0.15406666666686
0.702,57.753,57.692307692308,0.060692307692193,0.1051999999998
0.701,57.670730769231,57.692307692308,-0.021576923076964,-0.037400000000071
0.7,57.642307692308,57.692307692308,-0.049999999999912,-0.086666666666514
0.699,57.613730769231,57.692307692308,-0.078576923077037,-0.1362000000002
0.698,57.638692307692,57.692307692308,-0.053615384615441,-0.09293333333343
0.697,57.716961538462,57.692307692308,0.024653846153925,0.042733333333469
0.696,57.741230769231,57.692307692308,0.048923076922939,0.084799999999762
0.695,57.658269230769,57.692307692308,-0.034038461538515,-0.059000000000092
0.694,57.682076923077,57.692307692308,-0.010230769230695,-0.017733333333205
0.693,57.705576923077,57.692307692308,0.013269230769161,0.02299999999988
0.692,57.728769230769,57.692307692308,0.036461538461459,0.063199999999863
0.691,57.751653846154,57.692307692308,0.059346153846221,0.10286666666678
0.69,57.668076923077,57.692307692308,-0.024230769230847,-0.042000000000135
0.689,57.6905,57.692307692308,-0.0018076923077643,-0.0031333333334582
0.688,57.712615384615,57.692307692308,0.020307692307753,0.035200000000106
0.687,57.734423076923,57.692307692308,0.042115384615286,0.072999999999829
0.686,57.703153846154,57.692307692308,0.01084615384606,0.018799999999838
0.685,57.671730769231,57.692307692308,-0.020576923076867,-0.035666666666569
0.684,57.692769230769,57.692307692308,0.00046153846145103,0.00079999999984845
0.683,57.660961538461,57.692307692308,-0.031346153846243,-0.054333333333489
0.682,57.576538461539,57.692307692308,-0.11576923076918,-0.20066666666658
0.681,57.754038461538,57.692307692308,0.061730769230671,0.10699999999983
0.68,57.669230769231,57.692307692308,-0.023076923076871,-0.039999999999911
0.679,57.741115384615,57.692307692308,0.048807692307733,0.08460000000007
0.678,57.708230769231,57.692307692308,0.015923076922981,0.027599999999833
0.677,57.675192307692,57.692307692308,-0.017115384615337,-0.029666666666585
0.676,57.642,57.692307692308,-0.050307692307655,-0.087199999999935
0.675,57.660576923077,57.692307692308,-0.031730769230897,-0.055000000000222
0.674,57.678846153846,57.692307692308,-0.013461538461492,-0.023333333333252
0.673,57.696807692308,57.692307692308,0.0045000000000428,0.0078000000000742
0.672,57.611076923077,57.692307692308,-0.081230769230885,-0.1408000000002
0.671,57.628576923077,57.692307692308,-0.06373076923073,-0.1104666666666
0.67,57.645769230769,57.692307692308,-0.046538461538432,-0.080666666666616
0.669,57.714115384615,57.692307692308,0.021807692307576,0.037799999999798
0.668,57.627846153846,57.692307692308,-0.064461538461508,-0.11173333333328
0.667,57.541576923077,57.692307692308,-0.15073076923075,-0.26126666666663
0.666,57.813923076923,57.692307692308,0.12161538461525,0.21079999999977
0.665,57.727115384615,57.692307692308,0.034807692307716,0.060333333333374
0.664,57.742461538462,57.692307692308,0.050153846153933,0.086933333333483
0.663,57.7575,57.692307692308,0.065192307692158,0.11299999999974
0.662,57.721307692308,57.692307692308,0.029000000000003,0.050266666666673
0.661,57.735807692308,57.692307692308,0.04350000000008,0.075400000000138
0.66,57.699230769231,57.692307692308,0.0069230769229307,0.011999999999747
0.659,57.713192307692,57.692307692308,0.020884615384617,0.036200000000002
0.658,57.676230769231,57.692307692308,-0.016076923076852,-0.027866666666544
0.657,57.689653846154,57.692307692308,-0.0026538461540042,-0.004600000000274
0.656,57.702769230769,57.692307692308,0.01046153846152,0.018133333333301
0.655,57.665192307692,57.692307692308,-0.027115384615328,-0.046999999999902
0.654,57.677769230769,57.692307692308,-0.014538461538628,-0.025200000000288
0.653,57.639807692308,57.692307692308,-0.052500000000002,-0.091000000000003
0.652,57.802307692308,57.692307692308,0.11000000000005,0.19066666666675
0.651,57.713653846154,57.692307692308,0.021346153845968,0.036999999999678
0.65,57.725,57.692307692308,0.032692307692287,0.05666666666663
0.649,57.686115384615,57.692307692308,-0.0061923076922668,-0.010733333333262
0.648,57.696923076923,57.692307692308,0.0046153846152066,0.0079999999996915
0.647,57.707423076923,57.692307692308,0.015115384615356,0.026199999999951
0.646,57.717615384615,57.692307692308,0.02530769230772,0.043866666666715
0.645,57.7275,57.692307692308,0.035192307692341,0.061000000000058
0.644,57.638,57.692307692308,-0.054307692307731,-0.0941333333334
0.643,57.647423076923,57.692307692308,-0.044884615384596,-0.077799999999967
0.642,57.705923076923,57.692307692308,0.013615384615413,0.023600000000049
0.641,57.763961538461,57.692307692308,0.071653846153801,0.12419999999992
0.64,57.673846153846,57.692307692308,-0.018461538461494,-0.031999999999924
0.639,57.682038461538,57.692307692308,-0.010269230769211,-0.017799999999966
0.638,57.739,57.692307692308,0.046692307692254,0.08093333333324
0.637,57.7465,57.692307692308,0.05419230769234,0.093933333333389
0.636,57.704769230769,57.692307692308,0.012461538461551,0.021600000000022
0.635,57.662884615385,57.692307692308,-0.029423076923123,-0.051000000000081
0.634,57.620846153846,57.692307692308,-0.071461538461527,-0.12386666666665
0.633,57.676038461538,57.692307692308,-0.016269230769225,-0.028199999999991
0.632,57.682153846154,57.692307692308,-0.010153846153905,-0.017600000000102
0.631,57.687961538462,57.692307692308,-0.00434615384615,-0.0075333333333267
0.63,57.693461538462,57.692307692308,0.0011538461538407,0.0019999999999906
0.629,57.747038461538,57.692307692308,0.05473076923078,0.094866666666685
0.628,57.655230769231,57.692307692308,-0.037076923076924,-0.064266666666668
0.627,57.563423076923,57.692307692308,-0.12888461538461,-0.2234
0.626,57.471615384615,57.692307692308,-0.2206923076923,-0.38253333333333
0.625,58.004807692308,57.692307692308,0.31249999999999,0.54166666666665
0.624,57.912,57.692307692308,0.21969230769229,0.38079999999997
0.623,57.819192307692,57.692307692308,0.12688461538461,0.21993333333333
0.622,57.726384615385,57.692307692308,0.034076923076903,0.059066666666631
0.621,57.633576923077,57.692307692308,-0.05873076923077,-0.1018
0.62,57.683846153846,57.692307692308,-0.0084615384615745,-0.014666666666729
0.619,57.733653846154,57.692307692308,0.041346153846121,0.071666666666609
0.618,57.687923076923,57.692307692308,-0.0043846153846374,-0.0076000000000382
0.617,57.6895,57.692307692308,-0.0028076923077265,-0.0048666666667259
0.616,57.738153846154,57.692307692308,0.045846153846107,0.079466666666585
0.615,57.691730769231,57.692307692308,-0.00057692307695589,-0.0010000000000569
0.614,57.692384615385,57.692307692308,7.6923076875346E-5,0.0001333333332506
0.613,57.645576923077,57.692307692308,-0.046730769230805,-0.081000000000063
0.612,57.739846153846,57.692307692308,0.04753846153843,0.082399999999945
0.611,57.7395,57.692307692308,0.047192307692256,0.081799999999911
0.61,57.645,57.692307692308,-0.047307692307747,-0.082000000000095
0.609,57.644192307692,57.692307692308,-0.048115384615429,-0.083400000000076
0.608,57.736615384615,57.692307692308,0.04430769230764,0.07679999999991
0.607,57.735038461538,57.692307692308,0.042730769230708,0.074066666666561
0.606,57.733153846154,57.692307692308,0.040846153846097,0.070799999999901
0.605,57.684423076923,57.692307692308,-0.0078846153846754,-0.013666666666771
0.604,57.728461538461,57.692307692308,0.03615384615378,0.062666666666553
0.603,57.679269230769,57.692307692308,-0.013038461538542,-0.02260000000014
0.602,57.676230769231,57.692307692308,-0.01607692307698,-0.027866666666766
0.601,57.672884615385,57.692307692308,-0.019423076923154,-0.0336666666668
0.6,57.669230769231,57.692307692308,-0.023076923076928,-0.040000000000009
0.599,57.711346153846,57.692307692308,0.019038461538386,0.03299999999987
0.598,57.707,57.692307692308,0.014692307692222,0.025466666666518
0.597,57.702346153846,57.692307692308,0.01003846153845,0.01739999999998
0.596,57.697384615385,57.692307692308,0.0050769230768424,0.0087999999998601
0.595,57.692115384615,57.692307692308,-0.00019230769240863,-0.0003333333335083
0.594,57.686538461538,57.692307692308,-0.0057692307692321,-0.010000000000002
0.593,57.680653846154,57.692307692308,-0.011653846153948,-0.020200000000176
0.592,57.674461538461,57.692307692308,-0.01784615384625,-0.0309333333335
0.591,57.6225,57.692307692308,-0.069807692307712,-0.12100000000003
0.59,57.706538461538,57.692307692308,0.014230769230664,0.024666666666485
0.589,57.608730769231,57.692307692308,-0.083576923077018,-0.14486666666683
0.588,57.827538461538,57.692307692308,0.13523076923074,0.23439999999995
0.587,57.729192307692,57.692307692308,0.036884615384501,0.063933333333136
0.586,57.721,57.692307692308,0.028692307692204,0.049733333333153
0.585,57.7575,57.692307692308,0.065192307692257,0.11299999999991
0.584,57.748615384616,57.692307692308,0.056307692307826,0.097600000000231
0.583,57.694576923077,57.692307692308,0.0022692307691159,0.0039333333331342
0.582,57.729923076923,57.692307692308,0.037615384615322,0.065199999999891
0.581,57.720115384616,57.692307692308,0.02780769230781,0.048200000000205
0.58,57.71,57.692307692308,0.017692307692165,0.03066666666642
0.579,57.655038461538,57.692307692308,-0.037269230769297,-0.064600000000115
0.578,57.688846153846,57.692307692308,-0.0034615384614227,-0.0059999999997994
0.577,57.589038461538,57.692307692308,-0.10326923076938,-0.17900000000026
0.576,57.710769230769,57.692307692308,0.018461538461494,0.031999999999924
0.575,57.699038461539,57.692307692308,0.0067307692308702,0.011666666666842
0.574,57.687,57.692307692308,-0.0053076923078308,-0.00920000000024
0.573,57.674653846154,57.692307692308,-0.017653846153912,-0.030600000000115
0.572,57.706,57.692307692308,0.013692307692409,0.023733333333509
0.571,57.692961538461,57.692307692308,0.00065384615368913,0.0011333333330612
0.57,57.679615384615,57.692307692308,-0.01269230769239,-0.022000000000143
0.569,57.709730769231,57.692307692308,0.017423076923166,0.030200000000154
0.568,57.739384615384,57.692307692308,0.047076923076752,0.081599999999703
0.567,57.681346153846,57.692307692308,-0.010961538461629,-0.019000000000157
0.566,57.753769230769,57.692307692308,0.061461538461607,0.10653333333345
0.565,57.738653846154,57.692307692308,0.046346153846052,0.080333333333157
0.564,57.679846153846,57.692307692308,-0.012461538461629,-0.021600000000157
0.563,57.620884615385,57.692307692308,-0.071423076922997,-0.12379999999986
0.562,57.691461538461,57.692307692308,-0.00084615384625408,-0.0014666666668404
0.561,57.675115384615,57.692307692308,-0.017192307692419,-0.029800000000193
0.56,57.658461538462,57.692307692308,-0.033846153846099,-0.058666666666572
0.559,57.7275,57.692307692308,0.035192307692185,0.060999999999787
0.558,57.667153846154,57.692307692308,-0.02515384615397,-0.043600000000214
0.557,57.563807692308,57.692307692308,-0.12849999999994,-0.22273333333323
0.556,57.460461538461,57.692307692308,-0.23184615384627,-0.40186666666687
0.555,57.912115384615,57.692307692308,0.21980769230757,0.38099999999979
0.554,57.807769230769,57.692307692308,0.1154615384616,0.20013333333344
0.553,57.703423076923,57.692307692308,0.011115384615252,0.019266666666437
0.552,57.684,57.692307692308,-0.0083076923078309,-0.01440000000024
0.551,57.706653846154,57.692307692308,0.014346153846205,0.024866666666755
0.55,57.728846153846,57.692307692308,0.036538461538321,0.063333333333089
0.549,57.708346153846,57.692307692308,0.016038461538507,0.027800000000079
0.548,57.729692307692,57.692307692308,0.03738461538466,0.064800000000077
0.547,57.666423076923,57.692307692308,-0.025884615384783,-0.044866666666957
0.546,57.645,57.692307692308,-0.047307692307648,-0.081999999999923
0.545,57.707115384615,57.692307692308,0.01480769230772,0.025666666666714
0.544,57.684923076923,57.692307692308,-0.0073846153847654,-0.01280000000026
0.543,57.662423076923,57.692307692308,-0.029884615384603,-0.051799999999978
0.542,57.723,57.692307692308,0.030692307692327,0.053200000000033
0.541,57.699730769231,57.692307692308,0.0074230769229118,0.01286666666638
0.54,57.676153846154,57.692307692308,-0.016153846153848,-0.028000000000004
0.539,57.693730769231,57.692307692308,0.0014230769230892,0.0024666666666879
0.538,57.669461538461,57.692307692308,-0.022846153846324,-0.039600000000294
0.537,57.686192307692,57.692307692308,-0.0061153846153701,-0.010599999999975
0.536,57.62,57.692307692308,-0.072307692307604,-0.12533333333318
0.535,57.718269230769,57.692307692308,0.025961538461353,0.044999999999678
0.534,57.692538461538,57.692307692308,0.00023076923075394,0.00039999999997349
0.533,57.6665,57.692307692308,-0.025807692307609,-0.044733333333189
0.532,57.640153846154,57.692307692308,-0.052153846154027,-0.090400000000314
0.531,57.654346153846,57.692307692308,-0.037961538461552,-0.065800000000023
0.53,57.668076923077,57.692307692308,-0.024230769230698,-0.041999999999877
0.529,57.640653846154,57.692307692308,-0.051653846154053,-0.089533333333693
0.528,57.653538461538,57.692307692308,-0.038769230769248,-0.067200000000029
0.527,57.625423076923,57.692307692308,-0.066884615384545,-0.11593333333321
0.526,57.799307692307,57.692307692308,0.10699999999979,0.1854666666663
0.525,57.689423076923,57.692307692308,-0.0028846153846374,-0.0050000000000381
0.524,57.740769230769,57.692307692308,0.048461538461581,0.084000000000073
0.523,57.751269230769,57.692307692308,0.058961538461297,0.10219999999958
0.522,57.681,57.692307692308,-0.011307692307724,-0.019600000000056
0.521,57.690730769231,57.692307692308,-0.0015769230768754,-0.0027333333332507
0.52,57.74,57.692307692308,0.047692307692081,0.082666666666274
0.519,57.668884615385,57.692307692308,-0.023423076923116,-0.040600000000068
0.518,57.677307692308,57.692307692308,-0.014999999999958,-0.025999999999927
0.517,57.764807692308,57.692307692308,0.072500000000041,0.12566666666674
0.516,57.692769230769,57.692307692308,0.00046153846147945,0.00079999999989771
0.515,57.699807692308,57.692307692308,0.0075000000000216,0.013000000000037
0.514,57.706384615385,57.692307692308,0.014076923076942,0.024400000000033
0.513,57.673038461538,57.692307692308,-0.019269230769289,-0.033400000000102
0.512,57.678769230769,57.692307692308,-0.013538461538438,-0.023466666666626
0.511,57.684038461538,57.692307692308,-0.0082692307692227,-0.014333333333319
0.51,57.728076923077,57.692307692308,0.035769230769162,0.061999999999881
0.509,57.654038461538,57.692307692308,-0.03826923076921,-0.066333333333297
0.508,57.736153846154,57.692307692308,0.043846153846154,0.076
0.507,57.7005,57.692307692308,0.0081923076922337,0.014199999999872
0.506,57.625615384615,57.692307692308,-0.0666923076923,-0.11559999999999
0.505,57.705961538462,57.692307692308,0.013653846153844,0.023666666666662
0.504,57.669230769231,57.692307692308,-0.023076923077028,-0.040000000000182
0.503,57.670884615385,57.692307692308,-0.021423076923078,-0.037133333333335
0.502,57.672076923077,57.692307692308,-0.020230769230771,-0.03506666666667
0.501,57.557192307692,57.692307692308,-0.1351153846154,-0.23420000000003
0.5,57.942307692308,57.692307692308,0.24999999999999,0.43333333333332
0.499,57.826423076923,57.692307692308,0.13411538461535,0.2324666666666
0.498,57.710538461538,57.692307692308,0.01823076923074,0.03159999999995
0.497,57.709346153846,57.692307692308,0.017038461538441,0.029533333333297
0.496,57.707692307692,57.692307692308,0.015384615384576,0.026666666666599
0.495,57.705576923077,57.692307692308,0.013269230769204,0.022999999999954
0.494,57.741,57.692307692308,0.048692307692264,0.084399999999924
0.493,57.662038461538,57.692307692308,-0.03026923076925,-0.052466666666699
0.492,57.658615384615,57.692307692308,-0.033692307692341,-0.058400000000058
0.491,57.730269230769,57.692307692308,0.037961538461495,0.065799999999925
0.49,57.688076923077,57.692307692308,-0.0042307692308157,-0.0073333333334138
0.489,57.720807692308,57.692307692308,0.028499999999944,0.049399999999903
0.488,57.677846153846,57.692307692308,-0.014461538461589,-0.025066666666754
0.487,57.7095,57.692307692308,0.017192307692255,0.029799999999909
0.486,57.703153846154,57.692307692308,0.010846153846089,0.018799999999887
0.485,57.696346153846,57.692307692308,0.004038461538407,0.0069999999999055
0.484,57.614615384615,57.692307692308,-0.077692307692381,-0.13466666666679
0.483,57.681346153846,57.692307692308,-0.010961538461615,-0.019000000000132
0.482,57.710230769231,57.692307692308,0.017923076923005,0.031066666666541
0.481,57.6645,57.692307692308,-0.027807692307753,-0.048200000000106
0.48,57.692307692308,57.692307692308,-6.3948846218409E-14,-1.1084466677858E-13
0.479,57.645807692308,57.692307692308,-0.04650000000008,-0.080600000000139
0.478,57.635769230769,57.692307692308,-0.056538461538544,-0.098000000000143
0.477,57.661961538461,57.692307692308,-0.030346153846239,-0.052600000000147
0.476,57.797384615385,57.692307692308,0.10507692307682,0.18213333333316
0.475,57.7125,57.692307692308,0.020192307692206,0.034999999999823
0.474,57.736846153846,57.692307692308,0.044538461538366,0.077199999999834
0.473,57.687807692308,57.692307692308,-0.0045000000001068,-0.007800000000185
0.472,57.711076923077,57.692307692308,0.018769230769216,0.032533333333308
0.471,57.733730769231,57.692307692308,0.041423076922982,0.071799999999835
0.47,57.683461538461,57.692307692308,-0.0088461538462781,-0.015333333333549
0.469,57.632884615385,57.692307692308,-0.05942307692311,-0.10300000000006
0.468,57.69,57.692307692308,-0.0023076923078165,-0.0040000000002152
0.467,57.710423076923,57.692307692308,0.018115384615243,0.031399999999754
0.466,57.694384615385,57.692307692308,0.002076923076892,0.0035999999999461
0.465,57.713653846154,57.692307692308,0.021346153846025,0.036999999999777
0.464,57.660923076923,57.692307692308,-0.031384615384766,-0.054400000000262
0.463,57.679115384615,57.692307692308,-0.013192307692357,-0.022866666666752
0.462,57.661153846154,57.692307692308,-0.031153846153991,-0.054000000000251
0.461,57.713653846154,57.692307692308,0.021346153846018,0.036999999999765
0.46,57.694615384615,57.692307692308,0.0023076923076246,0.0039999999998827
0.459,57.675115384615,57.692307692308,-0.017192307692468,-0.029800000000279
0.458,57.690384615384,57.692307692308,-0.0019230769232266,-0.0033333333335927
0.457,57.669884615385,57.692307692308,-0.02242307692314,-0.038866666666776
0.456,57.648923076923,57.692307692308,-0.043384615384454,-0.075199999999721
0.455,57.5225,57.692307692308,-0.16980769230786,-0.29433333333362
0.454,57.850076923077,57.692307692308,0.15776923076915,0.27346666666652
0.453,57.722653846154,57.692307692308,0.030346153846295,0.052600000000245
0.452,57.699538461538,57.692307692308,0.0072307692305955,0.012533333333032
0.451,57.710653846154,57.692307692308,0.018346153846039,0.031799999999801
0.45,57.686538461539,57.692307692308,-0.0057692307690971,-0.0099999999997683
0.449,57.6965,57.692307692308,0.004192307692108,0.0072666666663205
0.448,57.671384615385,57.692307692308,-0.020923076923168,-0.036266666666825
0.447,57.714576923077,57.692307692308,0.022269230769339,0.038600000000188
0.446,57.688384615384,57.692307692308,-0.0039230769232859,-0.0068000000003622
0.445,57.730192307692,57.692307692308,0.037884615384513,0.065666666666489
0.444,57.668769230769,57.692307692308,-0.023538461538344,-0.040799999999796
0.443,57.709269230769,57.692307692308,0.016961538461317,0.029399999999616
0.442,57.681,57.692307692308,-0.01130769230781,-0.019600000000203
0.441,57.754038461539,57.692307692308,0.061730769230877,0.10700000000019
0.44,57.724615384615,57.692307692308,0.032307692307462,0.055999999999601
0.439,57.694730769231,57.692307692308,0.0024230769229519,0.0041999999997832
0.438,57.664384615385,57.692307692308,-0.027923076922995,-0.048399999999859
0.437,57.633576923077,57.692307692308,-0.058730769230912,-0.10180000000025
0.436,57.669384615384,57.692307692308,-0.022923076923227,-0.039733333333594
0.435,57.604038461539,57.692307692308,-0.088269230769157,-0.15299999999987
0.434,57.705307692308,57.692307692308,0.012999999999849,0.022533333333071
0.433,57.738884615384,57.692307692308,0.046576923076763,0.080733333333057
0.432,57.705230769231,57.692307692308,0.012923076923137,0.022400000000104
0.431,57.737423076923,57.692307692308,0.045115384615229,0.078199999999731
0.43,57.669615384615,57.692307692308,-0.022692307692473,-0.039333333333621
0.429,57.6675,57.692307692308,-0.024807692307611,-0.04299999999986
0.428,57.697692307692,57.692307692308,0.0053846153844361,0.0093333333330226
0.427,57.694269230769,57.692307692308,0.0019615384613516,0.0033999999996761
0.426,57.723,57.692307692308,0.03069230769237,0.053200000000107
0.425,57.685576923077,57.692307692308,-0.0067307692309626,-0.011666666667002
0.424,57.712923076923,57.692307692308,0.020615384615439,0.035733333333428
0.423,57.674423076923,57.692307692308,-0.017884615384567,-0.030999999999916
0.422,57.732846153846,57.692307692308,0.040538461538262,0.07026666666632
0.421,57.660807692308,57.692307692308,-0.031499999999959,-0.054599999999928
0.42,57.685384615385,57.692307692308,-0.0069230769230373,-0.011999999999931
0.419,57.676961538461,57.692307692308,-0.015346153846366,-0.026600000000368
0.418,57.667923076923,57.692307692308,-0.024384615384584,-0.042266666666612
0.417,57.529961538462,57.692307692308,-0.16234615384611,-0.28139999999992
0.416,57.808,57.692307692308,0.11569230769211,0.20053333333299
0.415,57.669038461538,57.692307692308,-0.023269230769216,-0.040333333333308
0.414,57.721153846154,57.692307692308,0.028846153846168,0.050000000000024
0.413,57.708807692307,57.692307692308,0.016499999999773,0.028599999999607
0.412,57.695846153846,57.692307692308,0.0035384615384757,0.0061333333333579
0.411,57.650653846154,57.692307692308,-0.041653846153842,-0.072199999999993
0.41,57.668076923077,57.692307692308,-0.024230769231004,-0.042000000000406
0.409,57.716192307692,57.692307692308,0.02388461538461,0.04139999999999
0.408,57.700615384615,57.692307692308,0.0083076923078025,0.014400000000191
0.407,57.684423076923,57.692307692308,-0.0078846153848744,-0.013666666667116
0.406,57.667615384615,57.692307692308,-0.024692307692327,-0.042800000000033
0.405,57.7125,57.692307692308,0.020192307692405,0.035000000000168
0.404,57.694307692307,57.692307692308,0.0019999999997253,0.0034666666661906
0.403,57.6755,57.692307692308,-0.016807692307736,-0.02913333333341
0.402,57.656076923077,57.692307692308,-0.036230769230677,-0.06279999999984
0.401,57.666884615384,57.692307692308,-0.02542307692336,-0.044066666667158
0.4,57.769230769231,57.692307692308,0.076923076923023,0.13333333333324
0.399,57.716884615385,57.692307692308,0.024576923076999,0.042600000000132
0.398,57.725307692307,57.692307692308,0.032999999999689,0.05719999999946
0.397,57.702423076923,57.692307692308,0.010115384615347,0.017533333333267
0.396,57.678923076923,57.692307692308,-0.01338461538456,-0.023199999999903
0.395,57.654807692307,57.692307692308,-0.037500000000314,-0.065000000000544
0.394,57.690692307692,57.692307692308,-0.001615384615441,-0.0028000000000977
0.393,57.695423076923,57.692307692308,0.0031153846154268,0.0054000000000732
0.392,57.699384615384,57.692307692308,0.0070769230765961,0.0122666666661
0.391,57.702576923077,57.692307692308,0.010269230769161,0.017799999999879
0.39,57.675,57.692307692308,-0.017307692307654,-0.029999999999933
0.389,57.706653846154,57.692307692308,0.014346153846184,0.024866666666718
0.388,57.647846153846,57.692307692308,-0.044461538461618,-0.077066666666805
0.387,57.677884615385,57.692307692308,-0.014423076923066,-0.024999999999981
0.386,57.707,57.692307692308,0.014692307692329,0.025466666666703
0.385,57.5575,57.692307692308,-0.1348076923078,-0.23366666666686
0.384,57.792,57.692307692308,0.099692307692337,0.17280000000005
0.383,57.670961538462,57.692307692308,-0.021346153846146,-0.036999999999986
0.382,57.696692307692,57.692307692308,0.0043846153845024,0.0075999999998042
0.381,57.7215,57.692307692308,0.029192307692313,0.050600000000009
0.38,57.686923076923,57.692307692308,-0.005384615384628,-0.0093333333333552
0.379,57.680884615384,57.692307692308,-0.011423076923208,-0.019800000000227
0.378,57.703153846154,57.692307692308,0.010846153846153,0.018799999999998
0.377,57.6665,57.692307692308,-0.025807692307723,-0.044733333333386
0.376,57.687076923077,57.692307692308,-0.0052307692309199,-0.0090666666669279
0.375,57.764423076923,57.692307692308,0.072115384615373,0.12499999999998
0.374,57.725461538462,57.692307692308,0.033153846153816,0.057466666666614
0.373,57.685884615385,57.692307692308,-0.0064230769230988,-0.011133333333371
0.372,57.645692307692,57.692307692308,-0.046615384615421,-0.080800000000064
0.371,57.6905,57.692307692308,-0.0018076923077501,-0.0031333333334336
0.37,57.734230769231,57.692307692308,0.041923076923041,0.072666666666604
0.369,57.720115384615,57.692307692308,0.02780769230764,0.048199999999909
0.368,57.705230769231,57.692307692308,0.012923076923009,0.022399999999882
0.367,57.689576923077,57.692307692308,-0.0027307692308298,-0.0047333333334384
0.366,57.645,57.692307692308,-0.047307692307761,-0.08200000000012
0.365,57.684038461538,57.692307692308,-0.0082692307692867,-0.01433333333343
0.364,57.694,57.692307692308,0.0016923076922311,0.0029333333332005
0.363,57.675115384615,57.692307692308,-0.01719230769239,-0.029800000000143
0.362,57.683307692308,57.692307692308,-0.0090000000000856,-0.015600000000148
0.361,57.718346153846,57.692307692308,0.026038461538377,0.045133333333187
0.36,57.696923076923,57.692307692308,0.0046153846152919,0.0079999999998392
0.359,57.674730769231,57.692307692308,-0.017576923077009,-0.030466666666815
0.358,57.651769230769,57.692307692308,-0.04053846153856,-0.070266666666837
0.357,57.847730769231,57.692307692308,0.15542307692298,0.26939999999983
0.356,57.685692307692,57.692307692308,-0.0066153846154933,-0.011466666666855
0.355,57.714807692308,57.692307692308,0.022499999999859,0.038999999999755
0.354,57.715615384615,57.692307692308,0.023307692307576,0.040399999999798
0.353,57.661192307692,57.692307692308,-0.031115384615504,-0.05393333333354
0.352,57.687384615385,57.692307692308,-0.0049230769231912,-0.0085333333335313
0.351,57.6855,57.692307692308,-0.0068076923078308,-0.01180000000024
0.35,57.709615384615,57.692307692308,0.017307692307554,0.02999999999976
0.349,57.652115384615,57.692307692308,-0.040192307692436,-0.069666666666889
0.348,57.701076923077,57.692307692308,0.0087692307690759,0.015199999999732
0.347,57.668730769231,57.692307692308,-0.023576923077073,-0.040866666666926
0.346,57.662230769231,57.692307692308,-0.030076923077068,-0.052133333333585
0.345,57.628269230769,57.692307692308,-0.064038461538637,-0.1110000000003
0.344,57.725846153846,57.692307692308,0.033538461538427,0.058133333333274
0.343,57.689961538461,57.692307692308,-0.0023461538463181,-0.0040666666669514
0.342,57.705923076923,57.692307692308,0.0136153846152,0.02359999999968
0.341,57.642115384615,57.692307692308,-0.050192307692363,-0.087000000000096
0.34,57.708461538461,57.692307692308,0.016153846153657,0.027999999999671
0.339,57.669115384615,57.692307692308,-0.023192307692504,-0.040200000000341
0.338,57.707,57.692307692308,0.014692307692236,0.025466666666543
0.337,57.717730769231,57.692307692308,0.02542307692287,0.044066666666308
0.336,57.649846153846,57.692307692308,-0.042461538461758,-0.073600000000381
0.335,57.684423076923,57.692307692308,-0.0078846153846897,-0.013666666666795
0.334,57.640692307692,57.692307692308,-0.051615384615602,-0.089466666667043
0.333,57.801115384615,57.692307692308,0.10880769230747,0.18859999999962
0.332,57.704153846154,57.692307692308,0.011846153846058,0.020533333333167
0.331,57.708576923077,57.692307692308,0.016269230768991,0.028199999999584
0.33,57.661153846154,57.692307692308,-0.031153846154083,-0.054000000000411
0.329,57.663576923077,57.692307692308,-0.02873076923089,-0.049800000000209
0.328,57.690153846154,57.692307692308,-0.0021538461536466,-0.0037333333329874
0.327,57.690346153846,57.692307692308,-0.0019615384617921,-0.0034000000004397
0.326,57.739615384615,57.692307692308,0.047307692307541,0.081999999999738
0.325,57.6625,57.692307692308,-0.029807692307514,-0.051666666666358
0.324,57.684461538461,57.692307692308,-0.0078461538464225,-0.013600000000466
0.323,57.680346153846,57.692307692308,-0.011961538461691,-0.020733333333597
0.322,57.699923076923,57.692307692308,0.0076153846155478,0.013200000000283
0.321,57.693576923077,57.692307692308,0.0012692307689406,0.002199999999497
0.32,57.686153846154,57.692307692308,-0.0061538461539783,-0.010666666666896
0.319,57.726730769231,57.692307692308,0.034423076923233,0.059666666666936
0.318,57.692538461538,57.692307692308,0.0002307692304484,0.0003999999994439
0.317,57.681807692308,57.692307692308,-0.010500000000157,-0.018200000000272
0.316,57.67,57.692307692308,-0.02230769230755,-0.038666666666419
0.315,57.681346153846,57.692307692308,-0.010961538461864,-0.019000000000563
0.314,57.691461538461,57.692307692308,-0.00084615384632514,-0.0014666666669636
0.313,57.628115384615,57.692307692308,-0.064192307692196,-0.11126666666647
0.312,57.756,57.692307692308,0.063692307691944,0.11039999999937
0.311,57.714423076923,57.692307692308,0.022115384615169,0.03833333333296
0.31,57.695769230769,57.692307692308,0.0034615384616359,0.0060000000001689
0.309,57.699807692307,57.692307692308,0.0074999999997658,0.012999999999594
0.308,57.702615384615,57.692307692308,0.010307692307485,0.017866666666308
0.307,57.704192307692,57.692307692308,0.011884615384695,0.020600000000137
0.306,57.728076923077,57.692307692308,0.035769230768999,0.061999999999598
0.305,57.680192307692,57.692307692308,-0.012115384615633,-0.021000000000431
0.304,57.678153846154,57.692307692308,-0.014153846153789,-0.024533333333234
0.303,57.768115384615,57.692307692308,0.075807692307428,0.13139999999954
0.302,57.740076923077,57.692307692308,0.047769230768978,0.082799999999562
0.301,57.710961538462,57.692307692308,0.018653846153939,0.032333333333493
0.3,57.75,57.692307692308,0.057692307692029,0.099999999999518
0.299,57.6955,57.692307692308,0.0031923076920322,0.0055333333328557
0.298,57.708846153846,57.692307692308,0.016538461538524,0.028666666666774
0.297,57.720807692307,57.692307692308,0.028499999999703,0.049399999999485
0.296,57.685846153846,57.692307692308,-0.0064615384618421,-0.011200000000526
0.295,57.717884615385,57.692307692308,0.025576923076976,0.044333333333425
0.294,57.81623076923,57.692307692308,0.12392307692276,0.21479999999945
0.293,57.687192307692,57.692307692308,-0.005115384615344,-0.0088666666665963
0.292,57.714923076923,57.692307692308,0.02261538461542,0.039200000000062
0.291,57.71873076923,57.692307692308,0.02642307692274,0.045799999999415
0.29,57.698846153846,57.692307692308,0.0065384615384829,0.01133333333337
0.289,57.699961538462,57.692307692308,0.0076538461538576,0.013266666666686
0.288,57.699692307692,57.692307692308,0.0073846153842823,0.012799999999423
0.287,57.698038461538,57.692307692308,0.0057307692307731,0.00993333333334
0.286,57.673,57.692307692308,-0.019307692307699,-0.033466666666678
0.285,57.7125,57.692307692308,0.02019230769195,0.03499999999938
0.284,57.706615384615,57.692307692308,0.014307692307668,0.024799999999957
0.283,57.742884615385,57.692307692308,0.050576923076903,0.087666666666632
0.282,57.690692307692,57.692307692308,-0.0016153846157607,-0.0028000000006519
0.281,57.702269230769,57.692307692308,0.0099615384614964,0.017266666666594
0.28,57.690769230769,57.692307692308,-0.0015384615383383,-0.002666666666453
0.279,57.677884615384,57.692307692308,-0.014423076923478,-0.025000000000695
0.278,57.599461538461,57.692307692308,-0.092846153846196,-0.16093333333341
0.277,57.669269230769,57.692307692308,-0.023038461538334,-0.039933333333113
0.276,57.715846153846,57.692307692308,0.023538461538038,0.040799999999266
0.275,57.718269230769,57.692307692308,0.025961538461473,0.044999999999887
0.274,57.677,57.692307692308,-0.015307692307594,-0.026533333333163
0.273,57.6765,57.692307692308,-0.015807692308144,-0.027400000000783
0.272,57.674461538461,57.692307692308,-0.017846153846257,-0.030933333333512
0.271,57.670884615385,57.692307692308,-0.021423076923,-0.0371333333332
0.27,57.707307692307,57.692307692308,0.014999999999525,0.025999999999176
0.269,57.7005,57.692307692308,0.0081923076922337,0.014199999999872
0.268,57.671538461539,57.692307692308,-0.020769230769176,-0.035999999999905
0.267,57.682269230769,57.692307692308,-0.010038461538961,-0.017400000000867
0.266,57.691307692308,57.692307692308,-0.0010000000001114,-0.0017333333335264
0.265,57.698653846154,57.692307692308,0.006346153846188,0.011000000000059
0.264,57.683999999999,57.692307692308,-0.0083076923082146,-0.014400000000905
0.263,57.789192307692,57.692307692308,0.096884615384482,0.1679333333331
0.262,57.710538461538,57.692307692308,0.01823076923079,0.031600000000036
0.261,57.670961538462,57.692307692308,-0.021346153846139,-0.036999999999974
0.26,57.71,57.692307692308,0.017692307692158,0.030666666666408
0.259,57.687269230769,57.692307692308,-0.0050384615384544,-0.008733333333321
0.258,57.682846153846,57.692307692308,-0.0094615384615437,-0.016400000000009
0.257,57.676730769231,57.692307692308,-0.015576923077106,-0.027000000000317
0.256,57.708307692308,57.692307692308,0.016000000000005,0.027733333333343
0.255,57.698653846154,57.692307692308,0.006346153846124,0.010999999999948
0.254,57.706846153846,57.692307692308,0.014538461538265,0.02519999999966
0.253,57.674269230769,57.692307692308,-0.018038461538474,-0.031266666666688
0.252,57.698307692308,57.692307692308,0.0059999999999505,0.010399999999914
0.251,57.681730769231,57.692307692308,-0.010576923077132,-0.018333333333695
0.25,57.817307692308,57.692307692308,0.12499999999998,0.21666666666663
0.249,57.700961538461,57.692307692308,0.0086538461537771,0.01499999999988
0.248,57.679076923077,57.692307692308,-0.013230769231015,-0.022933333333759
0.247,57.6935,57.692307692308,0.00119230769225,0.0020666666665666
0.246,57.668076923077,57.692307692308,-0.024230769230854,-0.042000000000147
0.245,57.678653846154,57.692307692308,-0.013653846153936,-0.023666666666822
0.244,57.649692307692,57.692307692308,-0.042615384615459,-0.073866666666796
0.243,57.693807692308,57.692307692308,0.0014999999998935,0.0025999999998154
0.242,57.661153846154,57.692307692308,-0.031153846153948,-0.054000000000177
0.241,57.682423076923,57.692307692308,-0.0098846153847134,-0.017133333333503
0.24,57.701538461538,57.692307692308,0.0092307692306264,0.015999999999752
0.239,57.681730769231,57.692307692308,-0.010576923077053,-0.018333333333559
0.238,57.788230769231,57.692307692308,0.095923076922951,0.16626666666645
0.237,57.691269230769,57.692307692308,-0.0010384615385775,-0.0018000000002009
0.236,57.702,57.692307692308,0.0096923076921556,0.016799999999736
0.235,57.6925,57.692307692308,0.00019230769215994,0.00033333333307723
0.234,57.699,57.692307692308,0.0066923076921626,0.011599999999748
0.233,57.6675,57.692307692308,-0.02480769230786,-0.043000000000291
0.232,57.705538461538,57.692307692308,0.013230769230596,0.022933333333033
0.231,57.687807692308,57.692307692308,-0.0045000000001636,-0.0078000000002836
0.23,57.703461538461,57.692307692308,0.011153846153654,0.019333333333
0.229,57.716807692308,57.692307692308,0.024499999999811,0.04246666666634
0.228,57.692769230769,57.692307692308,0.00046153846135155,0.00079999999967602
0.227,57.736576923077,57.692307692308,0.044269230769004,0.07673333333294
0.226,57.708230769231,57.692307692308,0.01592307692286,0.027599999999624
0.225,57.7125,57.692307692308,0.020192307692092,0.034999999999626
0.224,57.68,57.692307692308,-0.012307692307907,-0.021333333333705
0.223,57.696961538461,57.692307692308,0.0046538461535874,0.0080666666662182
0.222,57.694384615384,57.692307692308,0.0020769230766717,0.0035999999995643
0.221,57.6895,57.692307692308,-0.0028076923079325,-0.0048666666670831
0.22,57.69923076923,57.692307692308,0.0069230769227957,0.011999999999513
0.219,57.672807692307,57.692307692308,-0.019500000000285,-0.033800000000494
0.218,57.694538461538,57.692307692308,0.0022307692305077,0.0038666666662133
0.217,57.696961538461,57.692307692308,0.0046538461535519,0.0080666666661566
0.216,57.680307692308,57.692307692308,-0.012000000000086,-0.020800000000149
0.215,57.694423076923,57.692307692308,0.0021153846150881,0.0036666666661527
0.214,57.705923076923,57.692307692308,0.013615384615051,0.023599999999421
0.213,57.698423076923,57.692307692308,0.0061153846152635,0.01059999999979
0.212,57.704769230769,57.692307692308,0.012461538461224,0.021599999999455
0.211,57.692269230769,57.692307692308,-3.8461538828471E-5,-6.6666667302684E-5
0.21,57.693461538461,57.692307692308,0.0011538461536986,0.0019999999997443
0.209,57.692038461538,57.692307692308,-0.00026923076958951,-0.00046666666728849
0.208,57.704,57.692307692308,0.011692307691909,0.020266666665976
0.207,57.681346153846,57.692307692308,-0.010961538461693,-0.019000000000268
0.206,57.687923076923,57.692307692308,-0.0043846153849998,-0.0076000000006663
0.205,57.69173076923,57.692307692308,-0.00057692307729695,-0.0010000000006481
0.204,57.724153846154,57.692307692308,0.031846153845947,0.055199999999642
0.203,57.675423076923,57.692307692308,-0.016884615385038,-0.029266666667399
0.202,57.702076923077,57.692307692308,0.0097692307688249,0.01693333333263
0.201,57.679269230769,57.692307692308,-0.013038461538677,-0.022600000000374
0.2,57.638461538462,57.692307692308,-0.053846153845861,-0.093333333332825
0.199,57.702346153846,57.692307692308,0.010038461538002,0.017399999999204
0.198,57.701769230769,57.692307692308,0.0094615384612879,0.016399999999566
0.197,57.683115384616,57.692307692308,-0.0091923076920324,-0.015933333332856
0.196,57.722,57.692307692308,0.029692307691818,0.051466666665817
0.195,57.6825,57.692307692308,-0.0098076923079802,-0.017000000000499
0.194,57.685153846154,57.692307692308,-0.0071538461535923,-0.01239999999956
0.193,57.68473076923,57.692307692308,-0.0075769230774512,-0.013133333334249
0.192,57.696,57.692307692308,0.0036923076920274,0.0063999999995142
0.191,57.704038461539,57.692307692308,0.011730769231008,0.020333333333747
0.19,57.69423076923,57.692307692308,0.001923076922516,0.0033333333323611
0.189,57.681346153846,57.692307692308,-0.010961538461849,-0.019000000000539
0.188,57.694307692308,57.692307692308,0.0020000000001943,0.0034666666670034
0.187,57.703884615384,57.692307692308,0.011576923076333,0.020066666665645
0.186,57.667153846154,57.692307692308,-0.02515384615419,-0.043600000000596
0.185,57.727115384616,57.692307692308,0.034807692307865,0.060333333333633
0.184,57.698153846153,57.692307692308,0.0058461538455248,0.010133333332243
0.183,57.680192307692,57.692307692308,-0.012115384615754,-0.02100000000064
0.182,57.687,57.692307692308,-0.0053076923075537,-0.0091999999997597
0.181,57.690269230769,57.692307692308,-0.0020384615388593,-0.0035333333340229
0.18,57.703846153846,57.692307692308,0.011538461538045,0.019999999999278
0.179,57.686192307692,57.692307692308,-0.0061153846152706,-0.010599999999802
0.178,57.692538461538,57.692307692308,0.00023076923033472,0.00039999999924684
0.177,57.681576923076,57.692307692308,-0.010730769231216,-0.018600000000775
0.176,57.680615384615,57.692307692308,-0.011692307692222,-0.020266666666518
0.175,57.702884615384,57.692307692308,0.010576923076442,0.0183333333325
0.174,57.694384615384,57.692307692308,0.0020769230764444,0.0035999999991702
0.173,57.6955,57.692307692308,0.0031923076924159,0.0055333333335208
0.172,57.692769230769,57.692307692308,0.0004615384610176,0.00079999999909717
0.171,57.699346153846,57.692307692308,0.0070384615379382,0.012199999999093
0.17,57.675769230769,57.692307692308,-0.016538461538374,-0.028666666666516
0.169,57.700499999999,57.692307692308,0.0081923076917576,0.014199999999047
0.168,57.682153846154,57.692307692308,-0.01015384615377,-0.017599999999868
0.167,57.685653846154,57.692307692308,-0.0066538461537746,-0.011533333333209
0.166,57.710538461538,57.692307692308,0.018230769230151,0.031599999998928
0.165,57.692884615385,57.692307692308,0.00057692307694879,0.0010000000000446
0.164,57.671230769231,57.692307692308,-0.021076923076897,-0.036533333333289
0.163,57.708269230769,57.692307692308,0.015961538460878,0.027666666665523
0.162,57.690692307692,57.692307692308,-0.0016153846153983,-0.0028000000000238
0.161,57.693730769231,57.692307692308,0.0014230769230679,0.002466666666651
0.16,57.704615384615,57.692307692308,0.012307692307061,0.02133333333224
0.159,57.686423076923,57.692307692308,-0.0058846153846588,-0.010200000000075
0.158,57.688230769231,57.692307692308,-0.0040769230769655,-0.0070666666667402
0.157,57.709576923076,57.692307692308,0.017269230768569,0.029933333332187
0.156,57.678,57.692307692308,-0.014307692307767,-0.02480000000013
0.155,57.689807692308,57.692307692308,-0.002500000000083,-0.0043333333334772
0.154,57.684846153845,57.692307692308,-0.0074615384622732,-0.012933333334607
0.153,57.698653846154,57.692307692308,0.0063461538460459,0.010999999999813
0.152,57.684,57.692307692308,-0.0083076923074969,-0.014399999999661
0.151,57.711038461538,57.692307692308,0.018730769229983,0.032466666665303
0.15,57.709615384615,57.692307692308,0.017307692307547,0.029999999999748
0.149,57.714576923077,57.692307692308,0.02226923076941,0.038600000000311
0.148,57.691538461538,57.692307692308,-0.00076923077006086,-0.0013333333347722
0.147,57.742730769231,57.692307692308,0.050423076922883,0.087399999999663
0.146,57.686846153846,57.692307692308,-0.0054615384614038,-0.0094666666664333
0.145,57.682115384614,57.692307692308,-0.010192307693202,-0.017666666668218
0.144,57.683076923077,57.692307692308,-0.0092307692309888,-0.016000000000381
0.143,57.6785,57.692307692308,-0.013807692307594,-0.023933333333163
0.142,57.69023076923,57.692307692308,-0.0020769230778797,-0.0036000000016581
0.141,57.674423076923,57.692307692308,-0.017884615384816,-0.031000000000347
0.14,57.685384615385,57.692307692308,-0.0069230769230089,-0.011999999999882
0.139,57.668961538461,57.692307692308,-0.023346153847157,-0.040466666668406
0.138,57.699923076923,57.692307692308,0.0076153846151357,0.013199999999568
0.137,57.661192307692,57.692307692308,-0.031115384615362,-0.053933333333293
0.136,57.690153846153,57.692307692308,-0.0021538461549042,-0.0037333333351673
0.135,57.702115384615,57.692307692308,0.0098076923073904,0.016999999999477
0.134,57.687,57.692307692308,-0.00530769230771,-0.0092000000000307
0.133,57.696423076923,57.692307692308,0.0041153846153819,0.0071333333333286
0.132,57.678923076923,57.692307692308,-0.013384615384957,-0.023200000000593
0.131,57.7055,57.692307692308,0.013192307692236,0.022866666666543
0.13,57.675,57.692307692308,-0.017307692307732,-0.030000000000068
0.129,57.687807692307,57.692307692308,-0.0045000000004052,-0.0078000000007023
0.128,57.693538461538,57.692307692308,0.0012307692307587,0.0021333333333151
0.127,57.701961538461,57.692307692308,0.0096538461537463,0.01673333333316
0.126,57.693461538461,57.692307692308,0.0011538461534002,0.001999999999227
0.125,57.754807692308,57.692307692308,0.062499999999929,0.10833333333321
0.124,57.683846153846,57.692307692308,-0.0084615384616811,-0.014666666666914
0.123,57.69173076923,57.692307692308,-0.00057692307742485,-0.0010000000008697
0.122,57.654384615385,57.692307692308,-0.037923076923178,-0.065733333333509
0.121,57.684423076923,57.692307692308,-0.0078846153848033,-0.013666666666992
0.12,57.715384615384,57.692307692308,0.023076923076353,0.039999999999011
0.119,57.728730769231,57.692307692308,0.036423076922915,0.063133333333053
0.118,57.697461538461,57.692307692308,0.005153846153604,0.0089333333329137
0.117,57.6945,57.692307692308,0.0021923076921055,0.0037999999996496
0.116,57.692153846154,57.692307692308,-0.00015384615405623,-0.00026666666703079
0.115,57.690192307692,57.692307692308,-0.0021153846156849,-0.0036666666671872
0.114,57.697153846154,57.692307692308,0.0048461538458824,0.0083999999995295
0.113,57.6865,57.692307692308,-0.0058076923079682,-0.010066666667145
0.112,57.692923076923,57.692307692308,0.00061538461503829,0.0010666666660664
0.111,57.690115384615,57.692307692308,-0.0021923076926313,-0.003800000000561
0.11,57.686538461538,57.692307692308,-0.0057692307695518,-0.010000000000556
0.109,57.690346153846,57.692307692308,-0.0019615384618632,-0.0034000000005629
0.108,57.692769230769,57.692307692308,0.00046153846115971,0.00079999999934349
0.107,57.693576923077,57.692307692308,0.0012692307688482,0.0021999999993369
0.106,57.700692307692,57.692307692308,0.0083846153842302,0.014533333332666
0.105,57.6975,57.692307692308,0.005192307691857,0.0089999999992187
0.104,57.7,57.692307692308,0.0076923076918618,0.01333333333256
0.103,57.699807692307,57.692307692308,0.0074999999995526,0.012999999999225
0.102,57.72023076923,57.692307692308,0.027923076922576,0.048399999999132
0.101,57.71373076923,57.692307692308,0.021423076922567,0.037133333332449
0.099999999999999,57.742307692307,57.692307692308,0.049999999999493,0.086666666665787
0.098999999999999,57.713192307692,57.692307692308,0.020884615384041,0.036199999999005
0.097999999999999,57.71823076923,57.692307692308,0.02592307692251,0.04493333333235
0.096999999999999,57.703807692307,57.692307692308,0.011499999999423,0.019933333332332
0.095999999999999,57.699692307692,57.692307692308,0.0073846153840691,0.012799999999053
0.094999999999999,57.690576923076,57.692307692308,-0.001730769231429,-0.0030000000011436
0.093999999999999,57.690692307692,57.692307692308,-0.0016153846160449,-0.0028000000011446
0.092999999999999,57.685038461538,57.692307692308,-0.0072692307698574,-0.012600000001086
0.091999999999999,57.694615384615,57.692307692308,0.0023076923069638,0.0039999999987373
0.090999999999999,57.697499999999,57.692307692308,0.0051923076915728,0.0089999999987261
0.089999999999999,57.707307692307,57.692307692308,0.014999999999283,0.025999999998757
0.088999999999999,57.695961538461,57.692307692308,0.0036538461530213,0.0063333333319036
0.087999999999999,57.684,57.692307692308,-0.0083076923079659,-0.014400000000474
0.086999999999999,57.691038461538,57.692307692308,-0.0012692307700348,-0.0022000000013937
0.085999999999999,57.689461538461,57.692307692308,-0.0028461538470665,-0.0049333333349153
0.084999999999999,57.692115384615,57.692307692308,-0.00019230769267153,-0.00033333333396399
0.083999999999999,57.691846153845,57.692307692308,-0.00046153846241737,-0.00080000000152343
0.082999999999999,57.694576923076,57.692307692308,0.0022692307682206,0.0039333333315824
0.081999999999999,57.674384615384,57.692307692308,-0.017923076923509,-0.031066666667416
0.080999999999999,57.693807692307,57.692307692308,0.0014999999990124,0.0025999999982882
0.079999999999999,57.713846153845,57.692307692308,0.021538461537347,0.037333333331401
0.078999999999999,57.691269230769,57.692307692308,-0.0010384615389825,-0.0018000000009029
0.077999999999999,57.692999999999,57.692307692308,0.00069230769121731,0.00119999999811
0.076999999999999,57.69373076923,57.692307692308,0.0014230769219665,0.002466666664742
0.075999999999999,57.698615384615,57.692307692308,0.0063076923070753,0.010933333332264
0.074999999999999,57.70673076923,57.692307692308,0.014423076921879,0.024999999997924
0.073999999999999,57.694384615383,57.692307692308,0.0020769230756983,0.003599999997877
0.072999999999999,57.678423076922,57.692307692308,-0.013884615385329,-0.024066666667904
0.071999999999999,57.680307692308,57.692307692308,-0.011999999999254,-0.020799999998708
0.070999999999999,57.69296153846,57.692307692308,0.00065384615250252,0.0011333333310044
0.069999999999999,57.693461538461,57.692307692308,0.0011538461530236,0.0019999999985743
0.068999999999999,57.686653846155,57.692307692308,-0.0056538461531517,-0.0097999999987962
0.067999999999999,57.697999999999,57.692307692308,0.0056923076908149,0.0098666666640791
0.066999999999999,57.689576923076,57.692307692308,-0.0027307692317038,-0.0047333333349532
0.065999999999999,57.691615384616,57.692307692308,-0.00069230769166495,-0.0011999999988859
0.064999999999999,57.692499999998,57.692307692308,0.00019230769067491,0.00033333333050318
0.063999999999999,57.695999999999,57.692307692308,0.0036923076913951,0.0063999999984181
0.062999999999999,57.695884615385,57.692307692308,0.0035769230775102,0.0062000000010177
0.061999999999999,57.690999999998,57.692307692308,-0.0013076923094957,-0.0022666666697925
0.060999999999999,57.684884615384,57.692307692308,-0.0074230769241126,-0.012866666668462
0.059999999999999,57.690000000001,57.692307692308,-0.0023076923071557,-0.0039999999990698
0.058999999999999,57.690653846152,57.692307692308,-0.0016538461558468,-0.0028666666701345
0.057999999999999,57.689923076922,57.692307692308,-0.0023846153858003,-0.0041333333353871
0.056999999999999,57.690576923077,57.692307692308,-0.0017307692302992,-0.0029999999991854
0.055999999999999,57.695076923075,57.692307692308,0.0027692307670293,0.0047999999961841
0.054999999999999,57.692884615383,57.692307692308,0.00057692307556323,0.00099999999764293
0.053999999999999,57.694846153847,57.692307692308,0.0025384615388475,0.004400000000669
0.052999999999999,57.698653846152,57.692307692308,0.0063461538446461,0.010999999997387
0.051999999999999,57.689999999998,57.692307692308,-0.0023076923092304,-0.0040000000026661
0.050999999999999,57.694730769231,57.692307692308,0.0024230769233782,0.0042000000005222
0.049999999999999,57.717307692306,57.692307692308,0.024999999998279,0.04333333333035
0.048999999999999,57.693730769229,57.692307692308,0.001423076921327,0.0024666666636335
0.047999999999999,57.690461538462,57.692307692308,-0.0018461538459391,-0.0031999999996278
0.046999999999999,57.688884615383,57.692307692308,-0.0034230769250101,-0.0059333333366842
0.045999999999999,57.692846153844,57.692307692308,0.00053846153648607,0.00093333332990918
0.044999999999999,57.695192307693,57.692307692308,0.0028846153849216,0.0050000000005307
0.043999999999999,57.692461538459,57.692307692308,0.00015384615165459,0.00026666666286796
0.042999999999999,57.694423076921,57.692307692308,0.002115384613127,0.0036666666627535
0.041999999999999,57.690230769231,57.692307692308,-0.0020769230767073,-0.0035999999996259
0.040999999999999,57.694884615382,57.692307692308,0.0025769230744288,0.0044666666623433
0.039999999999999,57.712307692305,57.692307692308,0.019999999997459,0.034666666662263
0.038999999999999,57.6915,57.692307692308,-0.00080769230760325,-0.0013999999998456
0.037999999999999,57.694230769228,57.692307692308,0.0019230769202565,0.0033333333284446
0.036999999999999,57.692961538461,57.692307692308,0.00065384615378861,0.0011333333332336
0.035999999999999,57.69,57.692307692308,-0.0023076923077454,-0.004000000000092
0.034999999999999,57.694807692304,57.692307692308,0.0024999999967648,0.0043333333277256
0.033999999999999,57.691461538461,57.692307692308,-0.00084615384638198,-0.0014666666670621
0.032999999999999,57.695423076923,57.692307692308,0.0031153846151639,0.0053999999996175
0.031999999999999,57.694769230766,57.692307692308,0.0024615384581566,0.0042666666608047
0.030999999999999,57.692192307692,57.692307692308,-0.0001153846158104,-0.00020000000073802
0.029999999999999,57.695769230769,57.692307692308,0.003461538461103,0.0059999999992452
0.028999999999999,57.691038461535,57.692307692308,-0.0012692307731612,-0.0022000000068128
0.027999999999999,57.693999999999,57.692307692308,0.0016923076916555,0.0029333333322029
0.026999999999999,57.693807692307,57.692307692308,0.001499999999325,0.0025999999988301
0.025999999999999,57.692999999995,57.692307692308,0.00069230768772854,0.0011999999920628
0.024999999999999,57.699038461537,57.692307692308,0.0067307692298044,0.011666666664994
0.023999999999999,57.689538461539,57.692307692308,-0.0027692307681946,-0.0047999999982039
0.022999999999999,57.691961538456,57.692307692308,-0.00034615385158077,-0.00060000000940666
0.021999999999999,57.693307692306,57.692307692308,0.00099999999866185,0.0017333333310139
0.020999999999999,57.692653846155,57.692307692308,0.00034615384706171,0.00060000000157364
0.019999999999999,57.702307692301,57.692307692308,0.0099999999934894,0.017333333322048
0.018999999999999,57.690576923075,57.692307692308,-0.0017307692326085,-0.0030000000031881
0.017999999999999,57.690692307693,57.692307692308,-0.0016153846146096,-0.0027999999986567
0.016999999999999,57.694730769223,57.692307692308,0.0024230769151075,0.0041999999861863
0.015999999999999,57.695384615382,57.692307692308,0.0030769230744028,0.0053333333289648
0.014999999999999,57.690576923078,57.692307692308,-0.0017307692301927,-0.0029999999990006
0.013999999999999,57.692384615375,57.692307692308,7.6923066842483E-5,0.0001333333158603
0.012999999999999,57.693499999997,57.692307692308,0.0011923076895428,0.0020666666618742
0.011999999999999,57.691846153846,57.692307692308,-0.00046153846129471,-0.00079999999957749
0.010999999999999,57.693730769217,57.692307692308,0.0014230769097523,0.0024666666435706
0.0099999999999991,57.694999999996,57.692307692308,0.0026923076881644,0.004666666659485
0.0089999999999991,57.693115384615,57.692307692308,0.00080769230743272,0.00139999999955
0.0079999999999991,57.696307692289,57.692307692308,0.0039999999810121,0.0069333333004209
0.0069999999999991,57.692653846147,57.692307692308,0.00034615383947312,0.00059999998842007
0.0059999999999991,57.69346153846,57.692307692308,0.0011538461525475,0.0019999999977491
0.0049999999999991,57.692115384614,57.692307692308,-0.00019230769381551,-0.00033333333594688
0.0039999999999991,57.693692307679,57.692307692308,0.0013846153715704,0.0023999999773887
0.0029999999999991,57.69288461538,57.692307692308,0.0005769230725079,0.00099999999234702
0.0019999999999991,57.692538461532,57.692307692308,0.00023076922425957,0.0003999999887166
